<?xml version="1.0" encoding="utf-8" ?><dwsync><file name="square2.png" server="gator3099.hostgator.com/public_html/" local="3595279857" remote="3595303920" Dst="-1" /><file name="square3.png" server="gator3099.hostgator.com/public_html/" local="3595279864" remote="3595303920" Dst="-1" /><file name="square4.png" server="gator3099.hostgator.com/public_html/" local="3595279873" remote="3595303920" Dst="-1" /><file name="square1.png" server="gator3099.hostgator.com/public_html/" local="3595279846" remote="3595303920" Dst="-1" /><file name="square5.png" server="gator3099.hostgator.com/public_html/" local="3595279880" remote="3595303920" Dst="-1" /><file name="square6.png" server="gator3099.hostgator.com/public_html/" local="3595279890" remote="3595303920" Dst="-1" /><file name="square8.png" server="gator3099.hostgator.com/public_html/" local="3595279903" remote="3595303920" Dst="-1" /><file name="square7.png" server="gator3099.hostgator.com/public_html/" local="3595279896" remote="3595303920" Dst="-1" /><file name="square9.png" server="gator3099.hostgator.com/public_html/" local="3595279909" remote="3595303920" Dst="-1" /><file name="square10.png" server="gator3099.hostgator.com/public_html/" local="3595279916" remote="3595303920" Dst="-1" /><file name="square11.png" server="gator3099.hostgator.com/public_html/" local="3595279923" remote="3595303920" Dst="-1" /><file name="square12.png" server="gator3099.hostgator.com/public_html/" local="3595279928" remote="3595303920" Dst="-1" /><file name="square13.png" server="gator3099.hostgator.com/public_html/" local="3595279934" remote="3595303920" Dst="-1" /><file name="square14.png" server="gator3099.hostgator.com/public_html/" local="3595279944" remote="3595303920" Dst="-1" /><file name="square15.png" server="gator3099.hostgator.com/public_html/" local="3595279949" remote="3595303920" Dst="-1" /><file name="square16.png" server="gator3099.hostgator.com/public_html/" local="3595279956" remote="3595303920" Dst="-1" /></dwsync>